street_name,street_segment_id,suburb,postcode,lga,treatment_or_control,intervention_type,cbd,metro,regional,sid,segment_length_m,cap_reported,parking_format,has_parking,kerb_length_m,cap_geometric,obstruction_factor,cap_estimated,cap_best
KEILOR ROAD,211.0,Essendon,3040,Moonee Valley (C),control,control,0.0,1.0,0.0,211,674.3568047045595,102.0,Mixed,Yes,1348.713609409119,299.7141354242487,0.41763459812900344,125.17099250148782,102.0
KEILOR ROAD,212.0,Niddrie,3042,Moonee Valley (C),control,control,0.0,1.0,0.0,212,322.32926913831164,52.0,Parallel,Yes,644.6585382766233,107.44308971277054,0.41763459812900344,44.87195159393139,52.0
VICTORIA AVENUE,224.0,Albert Park,3206,Port Phillip (C),control,control,0.0,1.0,0.0,224,501.68713930844615,74.0,Parallel,Yes,1003.3742786168923,167.2290464361487,0.41763459812900344,69.84063560385742,74.0
MALING ROAD,269.0,Canterbury,3126,Boroondara (C),control,control,0.0,1.0,0.0,269,261.55594818950624,50.0,Parallel,Yes,523.1118963790125,87.18531606316874,0.41763459812900344,36.41160443679163,50.0
STEPHENSONS ROAD,300.0,Mount Waverley,3149,Monash (C),control,control,0.0,1.0,0.0,300,382.5250040884599,17.0,Parallel,Yes,765.0500081769198,127.50833469615331,0.41763459812900344,53.251892118926456,17.0
PAKINGTON STREET,1041.0,Geelong West,3218,Greater Geelong (C),control,control,0.0,0.0,1.0,1041,578.1156332891264,62.0,Parallel,Yes,1156.2312665782529,192.70521109637548,0.41763459812900344,80.48036339359955,62.0
PAKINGTON STREET,1042.0,Geelong West,3218,Greater Geelong (C),control,control,0.0,0.0,1.0,1042,247.59886422895318,23.0,Parallel,Yes,495.19772845790635,82.53295474298439,0.41763459812900344,34.46861738648551,23.0
PAKINGTON STREET,1043.0,Geelong West,3218,Greater Geelong (C),control,control,0.0,0.0,1.0,1043,220.26840267508862,30.0,Parallel,Yes,440.53680535017725,73.42280089169621,0.41763459812900344,30.663901943909384,30.0
NEERIM ROAD,1398.0,Murrumbeena,3163,Glen Eira (C),control,control,0.0,1.0,0.0,1398,211.27778375125195,37.0,Parallel,Yes,422.5555675025039,70.42592791708398,0.41763459812900344,29.412304103513534,37.0
POATH ROAD,1607.0,Hughesdale,3166,Monash (C),control,control,0.0,1.0,0.0,1607,117.143390870992,18.0,Parallel,Yes,234.286781741984,39.04779695699733,0.41763459812900344,16.307710989958505,18.0
POATH ROAD,1608.0,Murrumbeena,3163,Glen Eira (C),control,control,0.0,1.0,0.0,1608,202.66089076755105,26.0,Parallel,Yes,405.3217815351021,67.55363025585035,0.41763459812900344,28.21273322405735,26.0
HUDSONS ROAD,1680.0,Spotswood,3015,Hobsons Bay (C),control,control,0.0,1.0,0.0,1680,183.53961087226998,28.0,Parallel,Yes,367.07922174453995,61.17987029075666,0.41763459812900344,25.550830542464716,28.0
CLAYTON ROAD,1701.0,Clayton,3168,Monash (C),control,control,0.0,1.0,0.0,1701,469.21531567211593,68.0,Mixed,Yes,938.4306313442319,208.5401402987182,0.41763459812900344,87.09357768742117,68.0
BRIDGE ROAD,1758.0,Richmond,3121,Yarra (C),control,control,0.0,1.0,0.0,1758,809.753286498905,144.0,Parallel,Yes,1619.50657299781,269.91776216630166,0.41763459812900344,112.72699613020332,144.0
NORTH ROAD,2074.0,Ormond,3204,Glen Eira (C),control,control,0.0,1.0,0.0,2074,367.9167711050598,61.0,Parallel,Yes,735.8335422101196,122.63892370168661,0.41763459812900344,51.2182576151274,61.0
NORTH ROAD,2083.0,Ormond,3204,Glen Eira (C),control,control,0.0,1.0,0.0,2083,376.22557373665734,,,,752.4511474733147,125.40852457888577,0.41763459812900344,52.374938764454214,52.374938764454214
NEPEAN HIGHWAY,2458.0,Carrum,3197,Kingston (C) (Vic.),control,control,0.0,1.0,0.0,2458,192.51018127465738,6.0,Parallel,Yes,385.02036254931477,64.17006042488579,0.41763459812900344,26.799637397461044,6.0
NEPEAN HIGHWAY,2462.0,Chelsea,3196,Kingston (C) (Vic.),control,control,0.0,1.0,0.0,2462,697.2936056360708,58.0,Parallel,Yes,1394.5872112721415,232.43120187869025,0.41763459812900344,97.07131158924807,58.0
NEPEAN HIGHWAY,2464.0,Edithvale,3196,Kingston (C) (Vic.),control,control,0.0,1.0,0.0,2464,581.6942298642443,69.0,Parallel,Yes,1163.3884597284887,193.8980766214148,0.41763459812900344,80.97854530777128,69.0
NEPEAN HIGHWAY,2465.0,Aspendale,3195,Kingston (C) (Vic.),control,control,0.0,1.0,0.0,2465,222.84280910566878,28.0,Parallel,Yes,445.68561821133756,74.28093636855625,0.41763459812900344,31.022289008928066,28.0
BRUNSWICK STREET,2515.0,Fitzroy,3065,Yarra (C),control,control,0.0,1.0,0.0,2515,547.122749914573,103.0,Parallel,Yes,1094.245499829146,182.37424997152434,0.41763459812900344,76.16579659593599,103.0
BRUNSWICK STREET,2516.0,Fitzroy,3065,Yarra (C),control,control,0.0,1.0,0.0,2516,830.3436918141401,180.0,Parallel,Yes,1660.6873836282803,276.78123060471336,0.41763459812900344,115.59341801325048,180.0
GLEN HUNTLY ROAD,2614.0,Elsternwick,3185,Glen Eira (C),control,control,0.0,1.0,0.0,2614,197.020510765606,28.0,Parallel,Yes,394.041021531212,65.67350358853533,0.41763459812900344,27.427527278921616,28.0
GLEN HUNTLY ROAD,2615.0,Elsternwick,3185,Glen Eira (C),control,control,0.0,1.0,0.0,2615,217.76579464317496,19.0,Parallel,Yes,435.5315892863499,72.58859821439165,0.41763459812900344,30.315510044015156,19.0
GLEN HUNTLY ROAD,2616.0,Elsternwick,3185,Glen Eira (C),control,control,0.0,1.0,0.0,2616,77.21366813676784,12.0,Parallel,Yes,154.42733627353567,25.737889378922613,0.41763459812900344,10.749033087455091,12.0
GLEN HUNTLY ROAD,2617.0,Elsternwick,3185,Glen Eira (C),control,control,0.0,1.0,0.0,2617,268.8439098018366,55.0,Parallel,Yes,537.6878196036732,89.6146366006122,0.41763459812900344,37.42617274317336,55.0
GLEN HUNTLY ROAD,2618.0,Elsternwick,3185,Glen Eira (C),control,control,0.0,1.0,0.0,2618,25.110676744099123,0.0,Parallel,Yes,50.22135348819825,8.370225581366375,0.41763459812900344,3.49569579692305,0.0
GLEN HUNTLY ROAD,2619.0,Elsternwick,3185,Glen Eira (C),control,control,0.0,1.0,0.0,2619,786.7746276418335,150.0,Parallel,Yes,1573.549255283667,262.2582092139445,0.41763459812900344,109.52810181109781,150.0
GLEN HUNTLY ROAD,2620.0,Caulfield South,3162,Glen Eira (C),control,control,0.0,1.0,0.0,2620,625.2706318540127,112.0,Parallel,Yes,1250.5412637080253,208.42354395133756,0.41763459812900344,87.04488301873955,112.0
GLEN HUNTLY ROAD,2621.0,Caulfield South,3162,Glen Eira (C),control,control,0.0,1.0,0.0,2621,247.2758862663892,48.0,Parallel,Yes,494.5517725327784,82.42529542212974,0.41763459812900344,34.42365512928554,48.0
GLEN HUNTLY ROAD,2624.0,Glen Huntly,3163,Glen Eira (C),control,control,0.0,1.0,0.0,2624,437.6130651689187,59.0,Parallel,Yes,875.2261303378374,145.8710217229729,0.41763459812900344,60.920785535940915,59.0
GLEN HUNTLY ROAD,2625.0,Glen Huntly,3163,Glen Eira (C),control,control,0.0,1.0,0.0,2625,197.3551688239998,46.0,Parallel,Yes,394.7103376479996,65.7850562746666,0.41763459812900344,27.474115540164263,46.0
MT ALEXANDER ROAD,2722.0,Essendon,3040,Moonee Valley (C),control,control,0.0,1.0,0.0,2722,24.358437485717076,91.0,Mixed,Yes,48.71687497143415,10.825972215874256,0.41763459812900344,4.5213005557324015,91.0
MT ALEXANDER ROAD,2723.0,Essendon North,3041,Moonee Valley (C),control,control,0.0,1.0,0.0,2723,33.40022749474512,,,,66.80045498949023,11.133409164915038,0.41763459812900344,4.649696862395056,4.649696862395056
MT ALEXANDER ROAD,2727.0,Essendon,3040,Moonee Valley (C),control,control,0.0,1.0,0.0,2727,180.8029220707918,,,,361.6058441415836,60.26764069026393,0.41763459812900344,25.169851899861552,25.169851899861552
MT ALEXANDER ROAD,2729.0,Essendon,3040,Moonee Valley (C),control,control,0.0,1.0,0.0,2729,183.59602738840258,,,,367.19205477680515,61.19867579613419,0.41763459812900344,25.55868437214567,25.55868437214567
MT ALEXANDER ROAD,2751.0,Moonee Ponds,3039,Moonee Valley (C),control,control,0.0,1.0,0.0,2751,641.6839484438893,99.0,Parallel,Yes,1283.3678968877787,213.89464948129645,0.41763459812900344,89.3298059780653,99.0
MT ALEXANDER ROAD,2757.0,Essendon,3040,Moonee Valley (C),control,control,0.0,1.0,0.0,2757,229.75630276064896,125.0,Mixed,Yes,459.5126055212979,102.1139123380662,0.41763459812900344,42.64630274268856,125.0
MT ALEXANDER ROAD,2760.0,Essendon,3040,Moonee Valley (C),control,control,0.0,1.0,0.0,2760,131.85144588329788,,,,263.70289176659577,43.95048196109929,0.41763459812900344,18.35524187139972,18.35524187139972
JOHNSTON STREET,2768.0,Collingwood,3066,Yarra (C),control,control,0.0,1.0,0.0,2768,272.97801891688596,34.0,Parallel,Yes,545.9560378337719,90.99267297229532,0.41763459812900344,38.00168840946839,34.0
JOHNSTON STREET,2769.0,Collingwood,3066,Yarra (C),control,control,0.0,1.0,0.0,2769,500.8817268649598,86.0,Parallel,Yes,1001.7634537299195,166.96057562165325,0.41763459812900344,69.72851290313625,86.0
JOHNSTON STREET,2770.0,Abbotsford,3067,Yarra (C),control,control,0.0,1.0,0.0,2770,408.89984290431914,68.0,Parallel,Yes,817.7996858086383,136.29994763477305,0.41763459812900344,56.92357385545265,68.0
JOHNSTON STREET,2771.0,Abbotsford,3067,Yarra (C),control,control,0.0,1.0,0.0,2771,207.62705255368653,26.0,Parallel,Yes,415.25410510737305,69.2090175178955,0.41763459812900344,28.90408021798945,26.0
MALVERN ROAD,2921.0,Prahran,3141,Stonnington (C),control,control,0.0,1.0,0.0,2921,470.2488808489986,64.0,Parallel,Yes,940.4977616979972,156.7496269496662,0.41763459812900344,65.46406745799506,64.0
MALVERN ROAD,2922.0,Prahran,3142,Stonnington (C),control,control,0.0,1.0,0.0,2922,320.8303741760753,52.0,Parallel,Yes,641.6607483521506,106.94345805869176,0.41763459812900344,44.66328812886767,52.0
MALVERN ROAD,2931.0,Malvern,3144,Stonnington (C),control,control,0.0,1.0,0.0,2931,655.0133145844098,107.0,Parallel,Yes,1310.0266291688197,218.3377715281366,0.41763459812900344,91.1854074685355,107.0
MALVERN ROAD,2932.0,Glen Iris,3146,Stonnington (C),control,control,0.0,1.0,0.0,2932,319.0791337903925,56.0,Parallel,Yes,638.158267580785,106.35971126346418,0.41763459812900344,44.4194952706337,56.0
MALVERN ROAD,2937.0,Malvern East,3145,Stonnington (C),control,control,0.0,1.0,0.0,2937,168.87305387854386,18.0,Parallel,Yes,337.7461077570877,56.29101795951462,0.41763459812900344,23.509076663794403,18.0
CHARMAN ROAD,2989.0,Cheltenham,3192,Kingston (C) (Vic.),control,control,0.0,1.0,0.0,2989,312.69466797180564,,,,625.3893359436113,104.23155599060188,0.41763459812900344,43.53070399849574,43.53070399849574
RACECOURSE ROAD,3182.0,Kensington,3031,Moonee Valley (C),control,control,0.0,1.0,0.0,3182,175.91494078095627,31.0,Parallel,Yes,351.82988156191254,58.63831359365209,0.41763459812900344,24.48938853264737,31.0
RACECOURSE ROAD,3183.0,Kensington,3031,Melbourne (C),control,control,0.0,1.0,0.0,3183,177.07860095959052,0.0,,No,354.15720191918103,59.026200319863506,0.41763459812900344,24.65138344966825,0.0
UNNAMED,3195.0,Aspendale,3195,Kingston (C) (Vic.),control,control,0.0,1.0,0.0,3195,40.71598127890834,,,,81.43196255781668,13.571993759636113,0.41763459812900344,5.66813415961497,5.66813415961497
CHAPEL STREET,3270.0,Windsor,3181,Stonnington (C),control,control,0.0,1.0,0.0,3270,634.7114205395396,110.0,Parallel,Yes,1269.4228410790793,211.57047351317988,0.41763459812900344,88.35914968163985,110.0
CHAPEL STREET,3271.0,Prahran,3181,Stonnington (C),control,control,0.0,1.0,0.0,3271,232.70460907459042,46.0,Parallel,Yes,465.40921814918084,77.56820302486348,0.41763459812900344,32.39516529787781,46.0
CHAPEL STREET,3272.0,Prahran,3181,Stonnington (C),control,control,0.0,1.0,0.0,3272,21.585821346060694,2.0,Parallel,Yes,43.17164269212139,7.195273782020231,0.41763459812900344,3.004995274382174,2.0
CHAPEL STREET,3273.0,Prahran,3181,Stonnington (C),control,control,0.0,1.0,0.0,3273,45.87095011360266,4.0,Parallel,Yes,91.74190022720532,15.29031670453422,0.41763459812900344,6.385765272163337,4.0
CHAPEL STREET,3274.0,Prahran,3181,Stonnington (C),control,control,0.0,1.0,0.0,3274,257.35733700411333,51.0,Parallel,Yes,514.7146740082267,85.78577900137111,0.41763459812900344,35.827109338421124,51.0
CHAPEL STREET,3275.0,South Yarra,3141,Stonnington (C),control,control,0.0,1.0,0.0,3275,827.4828555078807,149.0,Parallel,Yes,1654.9657110157614,275.8276185026269,0.41763459812900344,115.19515660622464,149.0
CHAPEL STREET,3276.0,South Yarra,3141,Stonnington (C),control,control,0.0,1.0,0.0,3276,523.9315458330706,67.0,Parallel,Yes,1047.8630916661411,174.64384861102351,0.41763459812900344,72.93731353036732,67.0
WHEATSHEAF ROAD,3343.0,Glenroy,3046,Merri-Bek (C),control,control,0.0,1.0,0.0,3343,353.9034909880049,68.0,Parallel,Yes,707.8069819760098,117.96783032933496,0.41763459812900344,49.26744741174227,68.0
HIGH STREET,3372.0,Belmont,3216,Greater Geelong (C),control,control,0.0,0.0,1.0,3372,613.2913300076875,65.0,Parallel,Yes,1226.582660015375,204.43044333589583,0.41763459812900344,85.37722604792087,65.0
HIGH STREET,3391.0,Prahran,3181,Stonnington (C),control,control,0.0,1.0,0.0,3391,814.1290318841816,152.0,Parallel,Yes,1628.2580637683632,271.37634396139384,0.41763459812900344,113.33615035203493,152.0
HIGH STREET,3393.0,Armadale,3143,Stonnington (C),control,control,0.0,1.0,0.0,3393,302.3131073931073,62.0,Parallel,Yes,604.6262147862146,100.77103579770244,0.41763459812900344,42.08547103841688,62.0
HIGH STREET,3394.0,Armadale,3143,Stonnington (C),control,control,0.0,1.0,0.0,3394,465.1459977359531,105.0,Parallel,Yes,930.2919954719061,155.04866591198436,0.41763459812900344,64.75368727858971,105.0
HIGH STREET,3406.0,Ashburton,3147,Boroondara (C),control,control,0.0,1.0,0.0,3406,402.02278613645854,62.0,Parallel,Yes,804.0455722729171,134.0075953788195,0.41763459812900344,55.966208242267385,62.0
HIGH STREET,3413.0,Northcote,3070,Darebin (C),control,control,0.0,1.0,0.0,3413,680.4966203414268,133.0,Parallel,Yes,1360.9932406828536,226.83220678047562,0.41763459812900344,94.73297752147894,133.0
HIGH STREET,3414.0,Thornbury,3071,Darebin (C),control,control,0.0,1.0,0.0,3414,414.37534397946484,68.0,Parallel,Yes,828.7506879589297,138.1251146598216,0.41763459812900344,57.68582675247712,68.0
HIGH STREET,3415.0,Thornbury,3071,Darebin (C),control,control,0.0,1.0,0.0,3415,813.7760629202692,144.0,Parallel,Yes,1627.5521258405383,271.2586876400897,0.41763459812900344,113.28701300156973,144.0
HIGH STREET,3416.0,Preston,3072,Darebin (C),control,control,0.0,1.0,0.0,3416,255.89158558423082,29.0,Parallel,Yes,511.78317116846165,85.29719519474361,0.41763459812900344,35.62305983668791,29.0
HIGH STREET,3417.0,Preston,3072,Darebin (C),control,control,0.0,1.0,0.0,3417,127.45044337991425,11.0,Parallel,Yes,254.9008867598285,42.48348112663808,0.41763459812900344,17.7425715674446,11.0
HIGH STREET,3418.0,Preston,3072,Darebin (C),control,control,0.0,1.0,0.0,3418,406.1333196923201,39.0,Parallel,Yes,812.2666393846401,135.37777323077336,0.41763459812900344,56.53844191883339,39.0
HIGH STREET,3420.0,Preston,3072,Darebin (C),control,control,0.0,1.0,0.0,3420,528.1018423432731,91.0,Parallel,Yes,1056.2036846865462,176.0339474477577,0.41763459812900344,73.5178668994064,91.0
HIGH STREET,3421.0,Preston,3072,Darebin (C),control,control,0.0,1.0,0.0,3421,268.27149260164583,54.0,Parallel,Yes,536.5429852032917,89.42383086721527,0.41763459812900344,37.34648566738542,54.0
HIGH STREET,3422.0,Preston,3072,Darebin (C),control,control,0.0,1.0,0.0,3422,514.7895163676077,65.0,Parallel,Yes,1029.5790327352154,171.59650545586922,0.41763459812900344,71.6646375964033,65.0
HIGH STREET,3451.0,Kew,3101,Boroondara (C),control,control,0.0,1.0,0.0,3451,169.4188454879774,10.0,Parallel,Yes,338.8376909759548,56.47294849599246,0.41763459812900344,23.58505715028372,10.0
HIGH STREET,3452.0,Kew,3101,Boroondara (C),control,control,0.0,1.0,0.0,3452,508.0263270572318,81.0,Parallel,Yes,1016.0526541144636,169.34210901907727,0.41763459812900344,70.72312364650023,81.0
HIGH STREET,3453.0,Kew,3101,Boroondara (C),control,control,0.0,1.0,0.0,3453,332.89400530199305,30.0,Parallel,Yes,665.7880106039861,110.96466843399769,0.41763459812900344,46.34268470795074,30.0
BAY STREET,3630.0,Port Melbourne,3207,Port Phillip (C),control,control,0.0,1.0,0.0,3630,394.1966371253557,74.0,Parallel,Yes,788.3932742507114,131.39887904178525,0.41763459812900344,54.876718043217515,74.0
BAY STREET,3631.0,Port Melbourne,3207,Port Phillip (C),control,control,0.0,1.0,0.0,3631,463.58263946035544,80.0,Parallel,Yes,927.1652789207109,154.52754648678516,0.41763459812900344,64.53604977686942,80.0
BAY STREET,3632.0,Port Melbourne,3207,Port Phillip (C),control,control,0.0,1.0,0.0,3632,224.0788085422851,49.0,Parallel,Yes,448.1576170845702,74.69293618076169,0.41763459812900344,31.19435438492771,49.0
WELLINGTON PARADE,3791.0,East Melbourne,3002,Melbourne (C),control,control,0.0,1.0,0.0,3791,228.79081299629485,9.0,Parallel,Yes,457.5816259925897,76.26360433209828,0.41763459812900344,31.850319747105193,9.0
WELLINGTON PARADE,3792.0,East Melbourne,3002,Melbourne (C),control,control,0.0,1.0,0.0,3792,198.5515686402275,24.0,Parallel,Yes,397.103137280455,66.18385621340916,0.41763459812900344,27.64066819231488,24.0
WELLINGTON PARADE,3794.0,East Melbourne,3002,Melbourne (C),control,control,0.0,1.0,0.0,3794,237.29969301833614,19.0,Parallel,Yes,474.5993860366723,79.09989767277871,0.41763459812900344,33.03485397661623,19.0
WATTON STREET,3813.0,Werribee,3030,Wyndham (C),control,control,0.0,1.0,0.0,3813,700.7990841398705,237.0,Angled,Yes,1401.598168279741,467.19938942658035,0.41763459812900344,195.11862924928568,237.0
COMO PARADE W,3845.0,Mentone,3194,Kingston (C) (Vic.),control,control,0.0,1.0,0.0,3845,127.05300700674634,,,,254.10601401349268,42.351002335582116,0.41763459812900344,17.687243840781324,17.687243840781324
COMO PARADE W,3846.0,Mentone,3194,Kingston (C) (Vic.),control,control,0.0,1.0,0.0,3846,78.470247767079,,,,156.940495534158,26.156749255693,0.41763459812900344,10.923963463762457,10.923963463762457
COMO PARADE W,3848.0,Parkdale,3195,Kingston (C) (Vic.),control,control,0.0,1.0,0.0,3848,852.5389925327735,150.0,Parallel,Yes,1705.077985065547,284.1796641775912,0.41763459812900344,118.68325984524344,150.0
QUEEN STREET,3875.0,Melbourne,3000,Melbourne (C),control,control,1.0,0.0,0.0,3875,231.9928281559658,50.0,Mixed,Yes,463.9856563119316,103.10792362487369,0.41763459812900344,43.061436246990105,50.0
QUEEN STREET,3876.0,Melbourne,3000,Melbourne (C),control,control,1.0,0.0,0.0,3876,463.6901987777002,72.0,Mixed,Yes,927.3803975554004,206.08453279008896,0.41763459812900344,86.06803103239224,72.0
QUEEN STREET,3877.0,Melbourne,3000,Melbourne (C),control,control,1.0,0.0,0.0,3877,231.81614045241142,51.0,Mixed,Yes,463.63228090482284,103.0293957566273,0.41763459812900344,43.02864029229309,51.0
DERBY ROAD,3894.0,Caulfield East,3145,Glen Eira (C),control,control,0.0,1.0,0.0,3894,109.96435691575321,33.0,Angled,Yes,219.92871383150643,73.30957127716881,0.41763459812900344,30.616613339349932,33.0
MURRUMBEENA ROAD,4175.0,Murrumbeena,3163,Glen Eira (C),control,control,0.0,1.0,0.0,4175,167.27352485839546,7.0,Parallel,Yes,334.5470497167909,55.757841619465154,0.41763459812900344,23.28640377728595,7.0
CROCKFORD STREET,4480.0,Port Melbourne,3207,Port Phillip (C),control,control,0.0,1.0,0.0,4480,213.22842982114076,26.0,Parallel,Yes,426.45685964228153,71.07614327371358,0.41763459812900344,29.683856532676845,26.0
GLENFERRIE ROAD,4563.0,Hawthorn,3122,Boroondara (C),control,control,0.0,1.0,0.0,4563,399.82388003497294,76.0,Parallel,Yes,799.6477600699459,133.27462667832432,0.41763459812900344,55.66009515359494,76.0
GLENFERRIE ROAD,4564.0,Hawthorn,3122,Boroondara (C),control,control,0.0,1.0,0.0,4564,63.54837762076917,10.0,Parallel,Yes,127.09675524153835,21.18279254025639,0.41763459812900344,8.846667049800029,10.0
GLENFERRIE ROAD,4565.0,Hawthorn,3122,Boroondara (C),control,control,0.0,1.0,0.0,4565,345.73998113765384,57.0,Parallel,Yes,691.4799622753077,115.24666037921794,0.41763459812900344,48.13099269318443,57.0
GLENFERRIE ROAD,4566.0,Hawthorn,3122,Boroondara (C),control,control,0.0,1.0,0.0,4566,78.87683111102383,13.0,Parallel,Yes,157.75366222204767,26.292277037007945,0.41763459812900344,10.98056455424724,13.0
GLENFERRIE ROAD,4567.0,Hawthorn,3122,Boroondara (C),control,control,0.0,1.0,0.0,4567,166.89030563135972,33.0,Parallel,Yes,333.78061126271945,55.630101877119905,0.41763459812900344,23.233055241326493,33.0
GLENFERRIE ROAD,4576.0,Malvern,3144,Stonnington (C),control,control,0.0,1.0,0.0,4576,156.77665423780218,29.0,Parallel,Yes,313.55330847560435,52.25888474593406,0.41763459812900344,21.82511832953808,29.0
GLENFERRIE ROAD,4577.0,Malvern,3144,Stonnington (C),control,control,0.0,1.0,0.0,4577,176.78608816368902,28.0,Parallel,Yes,353.57217632737803,58.928696054563005,0.41763459812900344,24.61066229501361,28.0
GLENFERRIE ROAD,4578.0,Malvern,3144,Stonnington (C),control,control,0.0,1.0,0.0,4578,310.38498881374136,66.0,Parallel,Yes,620.7699776274827,103.46166293791379,0.41763459812900344,43.20917002283404,66.0
GLENFERRIE ROAD,4579.0,Malvern,3144,Stonnington (C),control,control,0.0,1.0,0.0,4579,255.59733731164312,47.0,Parallel,Yes,511.19467462328623,85.19911243721437,0.41763459812900344,35.582097083663804,47.0
GLENFERRIE ROAD,4580.0,Malvern,3144,Stonnington (C),control,control,0.0,1.0,0.0,4580,166.53975009268697,29.0,Parallel,Yes,333.07950018537394,55.513250030895655,0.41763459812900344,23.184253867487996,29.0
WATSONIA ROAD,4611.0,Watsonia,3087,Banyule (C),control,control,0.0,1.0,0.0,4611,212.16125145337537,58.0,Mixed,Yes,424.32250290675074,94.2938895348335,0.41763459812900344,39.38039066190083,58.0
WATSONIA ROAD,4612.0,Watsonia,3087,Banyule (C),control,control,0.0,1.0,0.0,4612,247.78413369715966,54.0,Mixed,Yes,495.5682673943193,110.12628164318207,0.41763459812900344,45.992545377491794,54.0
CENTRE ROAD,4781.0,Bentleigh,3204,Glen Eira (C),control,control,0.0,1.0,0.0,4781,831.9864737460728,123.0,Parallel,Yes,1663.9729474921455,277.32882458202425,0.41763459812900344,115.82211220390259,123.0
COLLINS STREET,4844.0,Melbourne,3000,Melbourne (C),control,control,1.0,0.0,0.0,4844,232.24728207179106,18.0,Parallel,Yes,464.4945641435821,77.41576069059703,0.41763459812900344,32.33150010486859,18.0
COLLINS STREET,4845.0,Melbourne,3000,Melbourne (C),control,control,1.0,0.0,0.0,4845,232.40636820226,30.0,Parallel,Yes,464.81273640452,77.46878940075334,0.41763459812900344,32.35364672892402,30.0
COLLINS STREET,4846.0,Melbourne,3000,Melbourne (C),control,control,1.0,0.0,0.0,4846,231.47987267515288,21.0,Parallel,Yes,462.95974535030575,77.15995755838429,0.41763459812900344,32.22466786654679,21.0
COLLINS STREET,4847.0,Melbourne,3000,Melbourne (C),control,control,1.0,0.0,0.0,4847,232.82336491149894,23.0,Parallel,Yes,465.6467298229979,77.60778830383298,0.41763459812900344,32.41169747995206,23.0
COLLINS STREET,4848.0,Melbourne,3000,Melbourne (C),control,control,1.0,0.0,0.0,4848,463.1538610660172,44.0,Parallel,Yes,926.3077221320344,154.38462035533908,0.41763459812900344,64.4763588794008,44.0
COLLINS STREET,4849.0,Melbourne,3000,Melbourne (C),control,control,1.0,0.0,0.0,4849,231.8800898876529,13.0,Parallel,Yes,463.7601797753058,77.2933632958843,0.41763459812900344,32.2803827181157,13.0
BURWOOD ROAD,4904.0,Hawthorn,3122,Boroondara (C),control,control,0.0,1.0,0.0,4904,230.0206868224497,42.0,Parallel,Yes,460.0413736448994,76.6735622741499,0.41763459812900344,32.021532367483715,42.0
BURWOOD ROAD,4905.0,Hawthorn East,3123,Boroondara (C),control,control,0.0,1.0,0.0,4905,321.8561906450454,53.0,Parallel,Yes,643.7123812900908,107.28539688168179,0.41763459812900344,44.806093611791816,53.0
UNION ROAD,5018.0,Surrey Hills,3127,Boroondara (C),control,control,0.0,1.0,0.0,5018,367.37858321714265,,,,734.7571664342853,122.45952773904754,0.41763459812900344,51.14333565436467,51.14333565436467
RUSSELL STREET,5191.0,Melbourne,3000,Melbourne (C),control,control,1.0,0.0,0.0,5191,231.49264537354094,33.0,Mixed,Yes,462.9852907470819,102.8856201660182,0.41763459812900344,42.968594631288305,33.0
RUSSELL STREET,5192.0,Melbourne,3000,Melbourne (C),control,control,1.0,0.0,0.0,5192,463.929529325878,93.0,Mixed,Yes,927.859058651756,206.19090192261243,0.41763459812900344,86.112454462307,93.0
RUSSELL STREET,5193.0,Melbourne,3000,Melbourne (C),control,control,1.0,0.0,0.0,5193,232.07531445840965,27.0,Mixed,Yes,464.1506289168193,103.14458420373762,0.41763459812900344,43.07674697311112,27.0
SPENCER STREET,5458.0,Docklands,3008,Melbourne (C),control,control,1.0,0.0,0.0,5458,239.52212196143245,17.0,Parallel,Yes,479.0442439228649,79.84070732047748,0.41763459812900344,33.344241716122994,17.0
SPENCER STREET,5459.0,Melbourne,3000,Melbourne (C),control,control,1.0,0.0,0.0,5459,464.64773875157374,14.0,Parallel,Yes,929.2954775031475,154.8825795838579,0.41763459812900344,64.68432388168789,14.0
MAIN STREET,5481.0,Mordialloc,3195,Kingston (C) (Vic.),control,control,0.0,1.0,0.0,5481,540.5695201648803,241.0,Parallel,Yes,1081.1390403297605,180.1898400549601,0.41763459812900344,75.25351143828266,241.0
MAIN STREET,5483.0,Greensborough,3088,Banyule (C),control,control,0.0,1.0,0.0,5483,296.2544865740463,41.0,Mixed,Yes,592.5089731480927,131.66866069957615,0.41763459812900344,54.989388197451596,41.0
MAIN STREET,5484.0,Greensborough,3088,Banyule (C),control,control,0.0,1.0,0.0,5484,65.86015738143496,4.0,Parallel,Yes,131.72031476286992,21.953385793811652,0.41763459812900344,9.168493453569502,4.0
HAMPSHIRE ROAD,5512.0,Sunshine,3020,Brimbank (C),control,control,0.0,1.0,0.0,5512,176.0741841246763,19.0,Parallel,Yes,352.1483682493526,58.69139470822543,0.41763459812900344,24.511557042600447,19.0
HAMPSHIRE ROAD,5513.0,Sunshine,3020,Brimbank (C),control,control,0.0,1.0,0.0,5513,405.3247007630804,11.0,Parallel,Yes,810.6494015261608,135.10823358769346,0.41763459812900344,56.42587283831588,11.0
BAY ROAD,5527.0,Sandringham,3191,Bayside (C),control,control,0.0,1.0,0.0,5527,208.37521135275642,44.0,Parallel,Yes,416.75042270551285,69.45840378425214,0.41763459812900344,29.008232551118194,44.0
LOWER PLENTY ROAD,5605.0,Rosanna,3084,Banyule (C),control,control,0.0,1.0,0.0,5605,134.94510746560744,39.0,Mixed,Yes,269.89021493121487,59.975603318047746,0.41763459812900344,25.047886989277394,39.0
AUBURN ROAD,5677.0,Hawthorn,3122,Boroondara (C),control,control,0.0,1.0,0.0,5677,201.968457777485,32.0,Parallel,Yes,403.93691555497,67.32281925916168,0.41763459812900344,28.11633856621152,32.0
AUBURN ROAD,5678.0,Hawthorn,3122,Boroondara (C),control,control,0.0,1.0,0.0,5678,168.9902911587896,20.0,Parallel,Yes,337.9805823175792,56.330097052929865,0.41763459812900344,23.525397445268126,20.0
TURNHAM AVENUE,5829.0,Rosanna,3084,Banyule (C),control,control,0.0,1.0,0.0,5829,238.67683286949688,13.0,Parallel,Yes,477.35366573899375,79.5589442898323,0.41763459812900344,33.22656772605188,13.0
LONSDALE STREET,6075.0,Melbourne,3000,Melbourne (C),control,control,1.0,0.0,0.0,6075,230.14922276684723,71.0,Mixed,Yes,460.29844553369446,102.2885434519321,0.41763459812900344,42.71923473774877,71.0
LONSDALE STREET,6076.0,Melbourne,3000,Melbourne (C),control,control,1.0,0.0,0.0,6076,463.7763057750062,31.0,Parallel,Yes,927.5526115500124,154.59210192500208,0.41763459812900344,64.56301036136618,31.0
LONSDALE STREET,6077.0,Melbourne,3000,Melbourne (C),control,control,1.0,0.0,0.0,6077,231.71667339828107,39.0,Parallel,Yes,463.43334679656215,77.23889113276036,0.41763459812900344,32.25763325816022,39.0
LONSDALE STREET,6078.0,Melbourne,3000,Melbourne (C),control,control,1.0,0.0,0.0,6078,230.89447662934424,75.0,Parallel,Yes,461.7889532586885,76.96482554311474,0.41763459812900344,32.14317398576758,75.0
LONSDALE STREET,6079.0,Melbourne,3000,Melbourne (C),control,control,1.0,0.0,0.0,6079,233.6560196993007,0.0,,Yes,467.3120393986014,77.8853398997669,0.41763459812900344,32.52761262917999,0.0
LONSDALE STREET,6080.0,Melbourne,3000,Melbourne (C),control,control,1.0,0.0,0.0,6080,232.62261426287796,59.0,Mixed,Yes,465.2452285257559,103.3878285612791,0.41763459812900344,43.178334232620095,59.0
MACAULAY ROAD,6232.0,Kensington,3031,Melbourne (C),control,control,0.0,1.0,0.0,6232,244.03282086833312,29.0,Parallel,Yes,488.06564173666624,81.3442736227777,0.41763459812900344,33.972183024544464,29.0
HAMPTON STREET,6296.0,Hampton,3188,Bayside (C),control,control,0.0,1.0,0.0,6296,923.50423780343,145.0,Parallel,Yes,1847.00847560686,307.83474593447664,0.41763459812900344,128.56244040848904,145.0
HAMPTON STREET,6297.0,Hampton,3188,Bayside (C),control,control,0.0,1.0,0.0,6297,90.30909298714687,13.0,Parallel,Yes,180.61818597429374,30.103030995715624,0.41763459812900344,12.572067252360629,13.0
HAMPTON STREET,6298.0,Hampton,3188,Bayside (C),control,control,0.0,1.0,0.0,6298,402.53448631064737,87.0,Mixed,Yes,805.0689726212947,178.9042161380655,0.41763459812900344,74.71659041040536,87.0
CARRINGTON ROAD,6396.0,Box Hill,3128,Whitehorse (C),control,control,0.0,1.0,0.0,6396,370.39140360453746,44.0,Parallel,Yes,740.7828072090749,123.46380120151248,0.41763459812900344,51.56275499827284,44.0
WAVERLEY ROAD,6411.0,Malvern East,3145,Stonnington (C),control,control,0.0,1.0,0.0,6411,237.2141684693202,47.0,Parallel,Yes,474.4283369386404,79.07138948977341,0.41763459812900344,33.022947973063424,47.0
WAVERLEY ROAD,6412.0,Malvern East,3145,Stonnington (C),control,control,0.0,1.0,0.0,6412,989.6118329487571,179.0,Parallel,Yes,1979.2236658975141,329.870610982919,0.41763459812900344,137.7653800524202,179.0
WAVERLEY ROAD,6414.0,Malvern East,3145,Stonnington (C),control,control,0.0,1.0,0.0,6414,88.6129438770204,5.0,Parallel,Yes,177.2258877540408,29.5376479590068,0.41763459812900344,12.335943735035784,5.0
UPPER HEIDELBERG ROAD,6472.0,Ivanhoe,3079,Banyule (C),control,control,0.0,1.0,0.0,6472,553.3175353040448,81.0,Parallel,Yes,1106.6350706080896,184.4391784346816,0.41763459812900344,77.02818216481181,81.0
UPPER HEIDELBERG ROAD,6473.0,Ivanhoe,3079,Banyule (C),control,control,0.0,1.0,0.0,6473,388.527454170413,47.0,Parallel,Yes,777.054908340826,129.50915139013767,0.41763459812900344,54.087502394848414,47.0
BEACH STREET,6613.0,Port Melbourne,3207,Port Phillip (C),control,control,0.0,1.0,0.0,6613,313.1312674754228,70.0,Parallel,Yes,626.2625349508456,104.37708915847428,0.41763459812900344,43.59148368457457,70.0
BELMORE ROAD,7063.0,Balwyn,3103,Boroondara (C),control,control,0.0,1.0,0.0,7063,215.78659527441454,37.0,Mixed,Yes,431.5731905488291,95.90515345529535,0.41763459812900344,40.053310221802676,37.0
LOWER HEIDELBERG ROAD,7598.0,Heidelberg,3084,Banyule (C),control,control,0.0,1.0,0.0,7598,342.0967159171771,19.0,Parallel,Yes,684.1934318343542,114.03223863905903,0.41763459812900344,47.623808157774036,19.0
GLEN EIRA ROAD,8067.0,Ripponlea,3185,Port Phillip (C),control,control,0.0,1.0,0.0,8067,220.5421426514244,39.0,Parallel,Yes,441.0842853028488,73.5140475504748,0.41763459812900344,30.70200970557899,39.0
CLARENDON STREET,8092.0,South Melbourne,3205,Port Phillip (C),control,control,0.0,1.0,0.0,8092,261.756651161342,56.0,Parallel,Yes,523.513302322684,87.25221705378067,0.41763459812900344,36.43954460512027,56.0
DOUGLAS STREET,8770.0,Noble Park,3174,Greater Dandenong (C),control,control,0.0,1.0,0.0,8770,497.94817219355286,71.0,Parallel,Yes,995.8963443871057,165.9827240645176,0.41763459812900344,69.32012826104209,71.0
MELBOURNE ROAD,8833.0,Newport,3015,Hobsons Bay (C),control,control,0.0,1.0,0.0,8833,186.46991665455874,0.0,,No,372.9398333091175,62.15663888485292,0.41763459812900344,25.958762901725137,0.0
MELBOURNE ROAD,8834.0,Newport,3015,Hobsons Bay (C),control,control,0.0,1.0,0.0,8834,221.7778834623751,49.0,Parallel,No,443.5557669247502,73.92596115412503,0.41763459812900344,30.874039077903326,49.0
HOPKINS STREET,9209.0,Footscray,3011,Maribyrnong (C),control,control,0.0,1.0,0.0,9209,336.6426110426314,49.0,Parallel,Yes,673.2852220852628,112.21420368087713,0.41763459812900344,46.86453385862926,49.0
BULLA ROAD,9350.0,Essendon,3040,Moonee Valley (C),control,control,0.0,1.0,0.0,9350,67.1777663836704,,,,134.3555327673408,22.3925887945568,0.41763459812900344,9.351919822282754,9.351919822282754
MELVILLE ROAD,9380.0,Brunswick West,3055,Merri-Bek (C),control,control,0.0,1.0,0.0,9380,87.5784802233694,11.0,Parallel,Yes,175.1569604467388,29.19282674112313,0.41763459812900344,12.191934464278583,11.0
MELVILLE ROAD,9381.0,Brunswick West,3055,Merri-Bek (C),control,control,0.0,1.0,0.0,9381,89.46332563025676,13.0,Parallel,Yes,178.92665126051352,29.82110854341892,0.41763459812900344,12.454326682292152,13.0
KOORNANG ROAD,9490.0,Carnegie,3163,Glen Eira (C),control,control,0.0,1.0,0.0,9490,577.1763032443242,72.0,Parallel,Yes,1154.3526064886485,192.3921010814414,0.41763459812900344,80.34959781834239,72.0
BURGUNDY STREET,9669.0,Heidelberg,3084,Banyule (C),control,control,0.0,1.0,0.0,9669,220.9076789660356,32.0,Mixed,Yes,441.8153579320712,98.18119065157138,0.41763459812900344,41.003862101596084,32.0
BURGUNDY STREET,9670.0,Heidelberg,3084,Banyule (C),control,control,0.0,1.0,0.0,9670,340.35638574693536,57.0,Parallel,Yes,680.7127714938707,113.45212858231179,0.41763459812900344,47.38153412735381,57.0
BURKE ROAD,9715.0,Camberwell,3124,Boroondara (C),control,control,0.0,1.0,0.0,9715,144.6159179382961,32.0,Parallel,Yes,289.2318358765922,48.20530597943203,0.41763459812900344,20.132203590405744,32.0
BURKE ROAD,9716.0,Camberwell,3124,Boroondara (C),control,control,0.0,1.0,0.0,9716,58.970150707074176,7.0,Parallel,Yes,117.94030141414835,19.65671690235806,0.41763459812900344,8.209325064051898,7.0
BURKE ROAD,9717.0,Camberwell,3124,Boroondara (C),control,control,0.0,1.0,0.0,9717,311.2658661067203,46.0,Parallel,Yes,622.5317322134406,103.7552887022401,0.41763459812900344,43.33179830091877,46.0
BURKE ROAD,9718.0,Camberwell,3124,Boroondara (C),control,control,0.0,1.0,0.0,9718,362.58389829544336,64.0,Parallel,Yes,725.1677965908867,120.86129943181446,0.41763459812900344,50.47586021755498,64.0
GRIMSHAW STREET,10148.0,Greensborough,3088,Banyule (C),control,control,0.0,1.0,0.0,10148,164.17153727170228,4.0,Parallel,Yes,328.34307454340455,54.723845757234095,0.41763459812900344,22.854571330896032,4.0
VICTORIA STREET,10219.0,Seddon,3011,Maribyrnong (C),control,control,0.0,1.0,0.0,10219,170.1673873632724,23.0,Parallel,Yes,340.3347747265448,56.72246245442414,0.41763459812900344,23.689262812040912,23.0
VICTORIA STREET,10221.0,Seddon,3011,Maribyrnong (C),control,control,0.0,1.0,0.0,10221,201.52306888136883,30.0,Parallel,Yes,403.04613776273766,67.17435629378961,0.41763459812900344,28.05433529533132,30.0
VICTORIA STREET,10229.0,West Melbourne,3051,Melbourne (C),control,control,0.0,1.0,0.0,10229,278.8195408772639,38.0,Parallel,Yes,557.6390817545278,92.93984695908796,0.41763459812900344,38.81489563492978,38.0
VICTORIA STREET,10230.0,West Melbourne,3051,Melbourne (C),control,control,0.0,1.0,0.0,10230,328.08904697247556,41.0,Parallel,Yes,656.1780939449511,109.36301565749186,0.41763459812900344,45.67377909429252,41.0
NAPIER STREET,10642.0,Essendon,3040,Moonee Valley (C),control,control,0.0,1.0,0.0,10642,201.44486641989263,56.0,Angled,Yes,402.88973283978527,134.29657761326175,0.41763459812900344,56.08689722161509,56.0
SWAN STREET,10795.0,Cremorne,3121,Yarra (C),control,control,0.0,1.0,0.0,10795,714.6220572940986,68.0,Parallel,Yes,1429.2441145881971,238.2073524313662,0.41763459812900344,99.48363190404751,68.0
SWAN STREET,10796.0,Richmond,3121,Yarra (C),control,control,0.0,1.0,0.0,10796,811.464848294048,129.0,Parallel,Yes,1622.929696588096,270.48828276468265,0.41763459812900344,112.9652652710325,129.0
HIGHETT ROAD,10934.0,Highett,3190,Bayside (C),control,control,0.0,1.0,0.0,10934,112.73773332318365,6.0,Parallel,Yes,225.4754666463673,37.57924444106121,0.41763459812900344,15.694392650134187,6.0
HIGHETT ROAD,10935.0,Highett,3190,Kingston (C) (Vic.),control,control,0.0,1.0,0.0,10935,557.2019870808615,63.0,Parallel,Yes,1114.403974161723,185.7339956936205,0.41763459812900344,77.56894265039925,63.0
TOORAK ROAD,11119.0,Toorak,3142,Stonnington (C),control,control,0.0,1.0,0.0,11119,314.6216206239608,43.0,Parallel,Yes,629.2432412479216,104.87387354132026,0.41763459812900344,43.79895803066122,43.0
TOORAK ROAD,11120.0,Toorak,3142,Stonnington (C),control,control,0.0,1.0,0.0,11120,223.57394974719304,41.0,Parallel,Yes,447.1478994943861,74.52464991573102,0.41763459812900344,31.124072218260995,41.0
SPRINGVALE ROAD,11213.0,Springvale,3171,Greater Dandenong (C),control,control,0.0,1.0,0.0,11213,921.6006953617552,,,,1843.2013907235105,307.20023178725177,0.41763459812900344,128.2974453476056,128.2974453476056
SPRINGVALE ROAD,11242.0,Nunawading,3131,Whitehorse (C),control,control,0.0,1.0,0.0,11242,20.647539763487977,0.0,,No,41.295079526975954,6.882513254495993,0.41763459812900344,2.8743756571589736,0.0
SPRINGVALE ROAD,11243.0,Nunawading,3131,Whitehorse (C),control,control,0.0,1.0,0.0,11243,342.5941927588774,24.0,Parallel,Yes,685.1883855177548,114.19806425295913,0.41763459812900344,47.6930626713947,24.0
PLENTY ROAD,11281.0,Preston,3072,Darebin (C),control,control,0.0,1.0,0.0,11281,432.32829463338084,76.0,Parallel,Yes,864.6565892667617,144.10943154446028,0.41763459812900344,60.1850845296698,76.0
STATION STREET,11418.0,Fairfield,3078,Darebin (C),control,control,0.0,1.0,0.0,11418,1308.9198097803664,245.0,Mixed,Yes,2617.839619560733,581.7421376801628,0.41763459812900344,242.9556438847622,245.0
STATION STREET,11424.0,Moorabbin,3189,Kingston (C) (Vic.),control,control,0.0,1.0,0.0,11424,274.76345155079474,75.0,Mixed,Yes,549.5269031015895,122.117089578131,0.41763459812900344,51.000321630646255,75.0
BARKLY STREET,11481.0,Footscray,3011,Maribyrnong (C),control,control,0.0,1.0,0.0,11481,367.9617626712264,70.0,Parallel,Yes,735.9235253424528,122.6539208904088,0.41763459812900344,51.224520960012455,70.0
BARKLY STREET,11482.0,Footscray,3011,Maribyrnong (C),control,control,0.0,1.0,0.0,11482,205.57585042012047,29.0,Parallel,Yes,411.15170084024095,68.52528347337349,0.41763459812900344,28.61852922507838,29.0
BLACKBURN ROAD,11630.0,Glen Waverley,3149,Monash (C),control,control,0.0,1.0,0.0,11630,422.67428937585333,75.0,Angled,Yes,845.3485787517067,281.7828595839022,0.41763459812900344,117.68227132196441,75.0
MCKINNON ROAD,11656.0,McKinnon,3204,Glen Eira (C),control,control,0.0,1.0,0.0,11656,824.8030907614622,115.0,Parallel,Yes,1649.6061815229243,274.93436358715405,0.41763459812900344,114.8221024485744,115.0
HALL STREET,11885.0,Newport,3015,Hobsons Bay (C),control,control,0.0,1.0,0.0,11885,301.9920908693425,71.0,Parallel,Yes,603.984181738685,100.66403028978084,0.41763459812900344,42.04078183611845,71.0
HALL STREET,11888.0,Newport,3015,Hobsons Bay (C),control,control,0.0,1.0,0.0,11888,191.28657350681345,41.0,Mixed,Yes,382.5731470136269,85.01625489191709,0.41763459812900344,35.505729446218716,41.0
LYGON STREET,11902.0,Brunswick East,3057,Merri-Bek (C),control,control,0.0,1.0,0.0,11902,629.7797441035722,101.0,Parallel,Yes,1259.5594882071443,209.92658136785738,0.41763459812900344,87.67260344616066,101.0
LYGON STREET,11903.0,Brunswick East,3057,Merri-Bek (C),control,control,0.0,1.0,0.0,11903,684.0713348573054,105.0,Parallel,Yes,1368.1426697146107,228.02377828576846,0.41763459812900344,95.23061900823389,105.0
PUCKLE STREET,12022.0,Moonee Ponds,3039,Moonee Valley (C),control,control,0.0,1.0,0.0,12022,424.14934593175127,77.0,Parallel,Yes,848.2986918635025,141.38311531058375,0.41763459812900344,59.0464805449622,77.0
ERROL ST,12024.0,North Melbourne,3051,Melbourne (C),control,control,0.0,1.0,0.0,12024,230.07345860301243,44.0,Parallel,Yes,460.14691720602485,76.69115286767081,0.41763459812900344,32.02887880793967,44.0
ERROL ST,12025.0,North Melbourne,3051,Melbourne (C),control,control,0.0,1.0,0.0,12025,231.06959455747563,43.0,Parallel,Yes,462.13918911495125,77.02319818582521,0.41763459812900344,32.1675524209477,43.0
BOURKE ST,12026.0,Melbourne,3000,Melbourne (C),control,control,1.0,0.0,0.0,12026,466.2111740348603,27.0,Parallel,Yes,932.4223480697206,155.40372467828675,0.41763459812900344,64.90197210376658,27.0
BOURKE ST,12027.0,Melbourne,3000,Melbourne (C),control,control,1.0,0.0,0.0,12027,463.16901649318703,51.0,Parallel,Yes,926.3380329863741,154.38967216439568,0.41763459812900344,64.47846868964598,51.0
BOURKE ST,12028.0,Melbourne,3000,Melbourne (C),control,control,1.0,0.0,0.0,12028,234.6949593417616,25.0,Parallel,Yes,469.3899186835232,78.23165311392053,0.41763459812900344,32.6722450091998,25.0
BONWICK STREET,12029.0,Fawkner,3060,Merri-Bek (C),control,control,0.0,1.0,0.0,12029,148.7580970748723,49.0,Mixed,Yes,297.5161941497446,66.11470981105435,0.41763459812900344,27.611790262355367,49.0
ABERDEEN RD,12030.0,Macleod,3085,Banyule (C),control,control,0.0,1.0,0.0,12030,209.99575454787328,72.0,Mixed,Yes,419.99150909574655,93.33144646572146,0.41763459812900344,38.97844113751018,72.0
BRICE AVE,12031.0,Mooroolbark,3138,Yarra Ranges (S),control,control,0.0,1.0,0.0,12031,232.34531004539633,56.0,Mixed,Yes,464.69062009079266,103.26458224239838,0.41763459812900344,43.126862305763474,56.0
SOUTH PARADE,12032.0,Blackburn,3130,Whitehorse (C),control,control,0.0,1.0,0.0,12032,332.1613745120107,80.0,Mixed,Yes,664.3227490240214,147.62727756089365,0.41763459812900344,61.654258737022666,80.0
BEAUMORIS CONCOURSE,12033.0,Beaumaris,3193,Bayside (C),control,control,0.0,1.0,0.0,12033,389.80435553215614,232.0,Mixed,Yes,779.6087110643123,173.24638023651383,0.41763459812900344,72.35368238738097,232.0
STATION RD,12034.0,Cheltenham,3192,Kingston (C) (Vic.),control,control,0.0,1.0,0.0,12034,310.406486549095,70.0,Mixed,Yes,620.81297309819,137.95843846626445,0.41763459812900344,57.616217007363204,70.0
MAIN ST,12035.0,Upwey,3158,Yarra Ranges (S),control,control,0.0,1.0,0.0,12035,185.48105988385055,47.0,Parallel,Yes,370.9621197677011,61.82701996128352,0.41763459812900344,25.821102635044515,47.0
GHERINGHAP STREET,123.0,Geelong,3220,Greater Geelong (C),treatment,protected bike lane,0.0,0.0,1.0,123,246.38812738448308,27.0,Parallel,Yes,492.77625476896617,82.1293757948277,0.41763459812900344,34.30006885465877,27.0
GHERINGHAP STREET,124.0,Geelong,3220,Greater Geelong (C),treatment,protected bike lane,0.0,0.0,1.0,124,241.68815082715423,46.0,Angled,Yes,483.37630165430846,161.12543388476948,0.41763459812900344,67.29155582882701,46.0
GHERINGHAP STREET,125.0,Geelong,3220,Greater Geelong (C),treatment,protected bike lane,0.0,0.0,1.0,125,242.91572159844435,60.0,Mixed,Yes,485.8314431968887,107.96254293264194,0.41763459812900344,45.088893230659195,60.0
RATHDOWNE STREET,858.0,Carlton,3053,Melbourne (C),treatment,protected bike lane,0.0,1.0,0.0,858,466.9792118384549,69.0,Parallel,Yes,933.9584236769098,155.65973727948497,0.41763459812900344,65.00889182358397,69.0
RATHDOWNE STREET,859.0,Carlton,3053,Melbourne (C),treatment,protected bike lane,0.0,1.0,0.0,859,230.95398707446878,27.5,Parallel,Yes,461.90797414893757,76.98466235815626,0.41763459812900344,32.15145852604561,27.5
CITY ROAD,990.0,Southbank,3006,Melbourne (C),treatment,protected bike lane,0.0,1.0,0.0,990,23.387138997619733,,,,46.774277995239466,7.795712999206578,0.41763459812900344,3.2557594655526874,3.2557594655526874
PARK STREET,1446.0,Melbourne,3004,Melbourne (C),treatment,protected bike lane,0.0,1.0,0.0,1446,20.31638498498515,,,,40.6327699699703,6.772128328328383,0.41763459812900344,2.8282750928794638,2.8282750928794638
ABBOTSFORD STREET,1659.0,North Melbourne,3051,Melbourne (C),treatment,protected bike lane,0.0,1.0,0.0,1659,554.92420924602,76.0,Parallel,Yes,1109.84841849204,184.97473641534,0.41763459812900344,77.25184970683887,76.0
ABBOTSFORD STREET,1660.0,North Melbourne,3051,Melbourne (C),treatment,protected bike lane,0.0,1.0,0.0,1660,233.02050939243279,27.0,Parallel,Yes,466.04101878486557,77.67350313081093,0.41763459812900344,32.439142265308114,27.0
ABBOTSFORD STREET,1661.0,North Melbourne,3051,Melbourne (C),treatment,protected bike lane,0.0,1.0,0.0,1661,231.69034919367516,22.0,Parallel,Yes,463.3806983873503,77.23011639789172,0.41763459812900344,32.253968625289666,22.0
ABBOTSFORD STREET,1662.0,North Melbourne,3051,Melbourne (C),treatment,protected bike lane,0.0,1.0,0.0,1662,237.2999118618042,34.0,Parallel,Yes,474.5998237236084,79.0999706206014,0.41763459812900344,33.03488444215084,34.0
ABBOTSFORD STREET,1663.0,West Melbourne,3003,Melbourne (C),treatment,protected bike lane,0.0,1.0,0.0,1663,161.57881631106648,4.0,Parallel,Yes,323.15763262213295,53.85960543702216,0.41763459812900344,22.493634672077437,4.0
CECIL STREET,1753.0,South Melbourne,3205,Port Phillip (C),treatment,protected bike lane,0.0,1.0,0.0,1753,131.1565737751098,21.5,Parallel,Yes,262.3131475502196,43.718857925036595,0.41763459812900344,18.258507660181657,21.5
CECIL STREET,1754.0,South Melbourne,3205,Port Phillip (C),treatment,protected bike lane,0.0,1.0,0.0,1754,262.38392360411297,40.0,Parallel,Yes,524.7678472082259,87.46130786803765,0.41763459812900344,36.526868163304954,40.0
STURT STREET,1903.0,Southbank,3006,Melbourne (C),treatment,protected bike lane,0.0,1.0,0.0,1903,28.09769498109182,,,,56.19538996218364,9.365898327030607,0.41763459812900344,3.911523183926533,3.911523183926533
ANZAC AVENUE,1970.0,Melbourne,3004,Melbourne (C),treatment,protected bike lane,0.0,1.0,0.0,1970,127.5274924302426,,,,255.0549848604852,42.5091641434142,0.41763459812900344,17.753297683834635,17.753297683834635
ACLAND STREET,2269.0,St Kilda,3182,Port Phillip (C),treatment,pedestrian,0.0,1.0,0.0,2269,141.98455951205688,4.5,Parallel,No,283.96911902411375,47.32818650401896,0.41763459812900344,19.765888150780484,4.5
GOVERNMENT HOUSE DRIVE,3100.0,Melbourne,3004,Melbourne (C),treatment,protected bike lane,0.0,1.0,0.0,3100,126.08859330800388,,,,252.17718661600776,42.02953110266796,0.41763459812900344,17.552986331613184,17.552986331613184
KAVANAGH STREET,3124.0,Southbank,3006,Melbourne (C),treatment,protected bike lane,0.0,1.0,0.0,3124,196.0842290250038,42.0,Mixed,Yes,392.1684580500076,87.14854623333503,0.41763459812900344,36.39624808368575,42.0
KAVANAGH STREET,3125.0,Southbank,3006,Melbourne (C),treatment,protected bike lane,0.0,1.0,0.0,3125,22.163082364042847,,,,44.32616472808569,7.387694121347615,0.41763459812900344,3.0853566654690123,3.0853566654690123
HIGH STREET,3503.0,Wodonga,3690,Wodonga (C),treatment,regional_reallocation,0.0,0.0,1.0,3503,432.8975395814597,108.0,Angled,Yes,865.7950791629194,288.5983597209731,0.41763459812900344,120.52865998275819,108.0
HIGH STREET,3504.0,Wodonga,3690,Wodonga (C),treatment,regional_reallocation,0.0,0.0,1.0,3504,242.34707797065528,,,,484.69415594131056,80.78235932355176,0.41763459812900344,33.73750817200429,33.73750817200429
PIER STREET,3536.0,Altona,3018,Hobsons Bay (C),treatment,pedestrian,0.0,1.0,0.0,3536,101.81945197415202,7.5,Parallel,Yes,203.63890394830403,33.93981732471734,0.41763459812900344,14.174441968980114,7.5
LA TROBE STREET,3828.0,Melbourne,3000,Melbourne (C),treatment,protected bike lane,1.0,0.0,0.0,3828,187.63491319433817,5.0,Parallel,Yes,375.26982638867634,62.54497106477939,0.41763459812900344,26.12094385562929,5.0
LA TROBE STREET,3829.0,Melbourne,3000,Melbourne (C),treatment,protected bike lane,1.0,0.0,0.0,3829,229.32756563129072,18.0,Parallel,Yes,458.65513126258145,76.44252187709691,0.41763459812900344,31.92504190410892,18.0
LA TROBE STREET,3830.0,Melbourne,3000,Melbourne (C),treatment,protected bike lane,1.0,0.0,0.0,3830,232.0616932536679,14.0,Parallel,Yes,464.1233865073358,77.35389775122263,0.41763459812900344,32.30566400104389,14.0
LA TROBE STREET,3831.0,Melbourne,3000,Melbourne (C),treatment,protected bike lane,1.0,0.0,0.0,3831,231.5913630105275,19.0,Parallel,Yes,463.182726021055,77.19712100350917,0.41763459812900344,32.2401886070166,19.0
LA TROBE STREET,3832.0,Melbourne,3000,Melbourne (C),treatment,protected bike lane,1.0,0.0,0.0,3832,231.35378123977551,17.0,Parallel,Yes,462.70756247955103,77.11792707992517,0.41763459812900344,32.20711448456634,17.0
LA TROBE STREET,3833.0,Melbourne,3000,Melbourne (C),treatment,protected bike lane,1.0,0.0,0.0,3833,229.70586551612055,12.0,Parallel,Yes,459.4117310322411,76.56862183870685,0.41763459812900344,31.97770561089997,12.0
LA TROBE STREET,3834.0,Melbourne,3000,Melbourne (C),treatment,protected bike lane,1.0,0.0,0.0,3834,235.93117065223842,12.0,Parallel,Yes,471.86234130447684,78.64372355074615,0.41763459812900344,32.84433988048431,12.0
LA TROBE STREET,3835.0,Melbourne,3003,Melbourne (C),treatment,protected bike lane,1.0,0.0,0.0,3835,232.29052990026034,26.0,Parallel,Yes,464.5810598005207,77.43017663342012,0.41763459812900344,32.33752070135616,26.0
FRENCH STREET,4751.0,Footscray,3011,Maribyrnong (C),treatment,protected bike lane,0.0,1.0,0.0,4751,125.76927052082588,0.0,Parallel,Yes,251.53854104165177,41.92309017360863,0.41763459812900344,17.50853291698101,0.0
FRENCH STREET,4752.0,Footscray,3011,Maribyrnong (C),treatment,protected bike lane,0.0,1.0,0.0,4752,188.9456516398066,0.0,Parallel,Yes,377.8913032796132,62.98188387993554,0.41763459812900344,26.30341376360444,0.0
WALKER STREET,5082.0,Dandenong,3175,Greater Dandenong (C),treatment,protected bike lane,0.0,1.0,0.0,5082,176.46005507441777,18.0,Parallel,Yes,352.92011014883553,58.82001835813926,0.41763459812900344,24.565274728942093,18.0
WALKER STREET,5083.0,Dandenong,3175,Greater Dandenong (C),treatment,protected bike lane,0.0,1.0,0.0,5083,138.74411850996282,0.0,Parallel,No,277.48823701992563,46.24803950332094,0.41763459812900344,19.314781392223715,0.0
SOUTHBANK BOULEVARD,5629.0,Southbank,3006,Melbourne (C),treatment,protected bike lane,0.0,1.0,0.0,5629,175.66161591703639,4.0,Parallel,Yes,351.32323183407277,58.55387197234546,0.41763459812900344,24.454122790067615,4.0
SOUTHBANK BOULEVARD,5634.0,Southbank,3006,Melbourne (C),treatment,protected bike lane,0.0,1.0,0.0,5634,46.62556751768433,,,,93.25113503536866,15.541855839228111,0.41763459812900344,6.490816717594938,6.490816717594938
SOUTHBANK BOULEVARD,5635.0,Southbank,3006,Melbourne (C),treatment,protected bike lane,0.0,1.0,0.0,5635,48.374439972714775,,,,96.74887994542955,16.124813324238257,0.41763459812900344,6.734279932573445,6.734279932573445
SOUTHBANK BOULEVARD,5637.0,Southbank,3006,Melbourne (C),treatment,protected bike lane,0.0,1.0,0.0,5637,108.26711843416396,0.0,Parallel,No,216.53423686832792,36.08903947805465,0.41763459812900344,15.072031499279095,0.0
SOUTHBANK BOULEVARD,5638.0,Southbank,3006,Melbourne (C),treatment,protected bike lane,0.0,1.0,0.0,5638,190.21373798519554,6.0,Parallel,Yes,380.4274759703911,63.40457932839851,0.41763459812900344,26.479946007354233,6.0
SOUTHBANK BOULEVARD,5639.0,Southbank,3006,Melbourne (C),treatment,protected bike lane,0.0,1.0,0.0,5639,149.05047772628848,0.0,Parallel,Yes,298.10095545257695,49.68349257542949,0.41763459812900344,20.749545455384823,0.0
SOUTHBANK BOULEVARD,5640.0,Southbank,3006,Melbourne (C),treatment,protected bike lane,0.0,1.0,0.0,5640,101.3552910621516,0.0,Parallel,Yes,202.7105821243032,33.785097020717195,0.41763459812900344,14.109825416996618,0.0
WELLINGTON STREET,5881.0,Collingwood,3066,Yarra (C),treatment,protected bike lane,0.0,1.0,0.0,5881,274.1905463050354,14.0,Parallel,Yes,548.3810926100708,91.39684876834514,0.41763459812900344,38.170486205625124,14.0
WELLINGTON STREET,5882.0,Collingwood,3066,Yarra (C),treatment,protected bike lane,0.0,1.0,0.0,5882,242.0107598022882,12.0,Parallel,Yes,484.0215196045764,80.6702532674294,0.41763459812900344,33.690688804307804,12.0
WELLINGTON STREET,5883.0,Collingwood,3066,Yarra (C),treatment,protected bike lane,0.0,1.0,0.0,5883,577.6875545327622,106.0,Parallel,Yes,1155.3751090655244,192.5625181775874,0.41763459812900344,80.42076989380564,106.0
BAIR ST,6237.0,Leongatha,3953,South Gippsland (S),treatment,regional_reallocation,0.0,0.0,1.0,6237,357.5267826454583,,,,715.0535652909166,119.17559421515277,0.41763459812900344,49.77185139683051,49.77185139683051
MORAY STREET,6289.0,Southbank,3006,Melbourne (C),treatment,protected bike lane,0.0,1.0,0.0,6289,140.97601472925396,4.5,Parallel,No,281.9520294585079,46.99200490975132,0.41763459812900344,19.62548708576015,4.5
MORAY STREET,6290.0,South Melbourne,3205,Port Phillip (C),treatment,protected bike lane,0.0,1.0,0.0,6290,608.0213608954926,124.5,Mixed,Yes,1216.0427217909853,270.2317159535523,0.41763459812900344,112.85811409397282,124.5
PEEL STREET,6388.0,West Melbourne,3003,Melbourne (C),treatment,protected bike lane,1.0,0.0,0.0,6388,275.5921671959445,13.0,Parallel,Yes,551.184334391889,91.86405573198151,0.41763459812900344,38.36560799812647,13.0
PEEL STREET,6389.0,North Melbourne,3051,Melbourne (C),treatment,protected bike lane,1.0,0.0,0.0,6389,233.3894737350314,16.0,Parallel,Yes,466.7789474700628,77.79649124501047,0.41763459812900344,32.49050635695648,16.0
ST KILDA ROAD,6624.0,Melbourne,3004,Melbourne (C),treatment,protected bike lane,0.0,1.0,0.0,6624,308.22797714016474,69.0,Parallel,Yes,616.4559542803295,102.74265904672158,0.41763459812900344,42.90888912168279,69.0
ST KILDA ROAD,6625.0,Melbourne,3006,Melbourne (C),treatment,protected bike lane,0.0,1.0,0.0,6625,170.9606644498305,37.0,Parallel,Yes,341.921328899661,56.986888149943496,0.41763459812900344,23.799696131124122,37.0
ST KILDA ROAD,6626.0,Melbourne,3004,Melbourne (C),treatment,protected bike lane,0.0,1.0,0.0,6626,538.9502847805892,115.0,Parallel,Yes,1077.9005695611784,179.65009492686306,0.41763459812900344,75.02809519861778,115.0
ST KILDA ROAD,6630.0,Melbourne,3004,Port Phillip (C),treatment,protected bike lane,0.0,1.0,0.0,6630,84.98198960319176,0.0,,No,169.96397920638353,28.327329867730587,0.41763459812900344,11.83047302537738,0.0
ST KILDA ROAD,6631.0,Melbourne,3004,Port Phillip (C),treatment,protected bike lane,0.0,1.0,0.0,6631,912.5418633578076,266.0,Parallel,Yes,1825.0837267156153,304.18062111926923,0.41763459812900344,127.03635145977667,266.0
ST KILDA ROAD,6632.0,Melbourne,3004,Port Phillip (C),treatment,protected bike lane,0.0,1.0,0.0,6632,331.44832823636153,99.0,Parallel,Yes,662.8966564727231,110.48277607878718,0.41763459812900344,46.14142978784096,99.0
ST KILDA ROAD,6633.0,Melbourne,3004,Port Phillip (C),treatment,protected bike lane,0.0,1.0,0.0,6633,288.69197412126044,61.0,Parallel,Yes,577.3839482425209,96.23065804042015,0.41763459812900344,40.189252198400425,61.0
ST KILDA ROAD,6634.0,Melbourne,3004,Port Phillip (C),treatment,protected bike lane,0.0,1.0,0.0,6634,351.9032518502095,45.0,Parallel,Yes,703.806503700419,117.30108395006982,0.41763459812900344,48.98899105558391,45.0
ST KILDA ROAD,6635.0,Melbourne,3004,Port Phillip (C),treatment,protected bike lane,0.0,1.0,0.0,6635,143.90651436427183,17.0,Parallel,Yes,287.81302872854366,47.96883812142394,0.41763459812900344,20.033446431556108,17.0
EXHIBITION STREET,7325.0,Melbourne,3000,Melbourne (C),treatment,protected bike lane,0.0,1.0,0.0,7325,232.84369077332133,41.5,Mixed,Yes,465.68738154664265,103.48608478814282,0.41763459812900344,43.219369432440004,41.5
EXHIBITION STREET,7326.0,Melbourne,3000,Melbourne (C),treatment,protected bike lane,1.0,0.0,0.0,7326,463.5095652790942,59.5,Mixed,Yes,927.0191305581884,206.004251235153,0.41763459812900344,86.03450267745939,59.5
EXHIBITION STREET,7327.0,Melbourne,3000,Melbourne (C),treatment,protected bike lane,1.0,0.0,0.0,7327,232.07083028745325,36.5,Mixed,Yes,464.1416605749065,103.1425912388681,0.41763459812900344,43.075914642028756,36.5
DAWSON STREET,7658.0,Brunswick,3056,Merri-Bek (C),treatment,protected bike lane,0.0,1.0,0.0,7658,1024.8544617168013,94.0,Parallel,Yes,2049.7089234336026,341.6181539056004,0.41763459812900344,142.6715604199375,94.0
FITZROY STREET,7748.0,St Kilda,3182,Port Phillip (C),treatment,protected bike lane,0.0,1.0,0.0,7748,408.4085644854554,59.0,Parallel,Yes,816.8171289709107,136.13618816181847,0.41763459812900344,56.85518223377545,59.0
FITZROY STREET,7749.0,St Kilda,3182,Port Phillip (C),treatment,protected bike lane,0.0,1.0,0.0,7749,338.35908419344435,46.0,Parallel,Yes,676.7181683868887,112.78636139781479,0.41763459812900344,47.10348671680892,46.0
HEIDELBERG ROAD,8218.0,Clifton Hill,3068,Yarra (C),treatment,protected bike lane,0.0,1.0,0.0,8218,1192.5552261436685,69.5,Parallel,Yes,2385.110452287337,397.5184087145562,0.41763459812900344,166.0174408723846,69.5
HEIDELBERG ROAD,8219.0,Fairfield,3078,Darebin (C),treatment,protected bike lane,0.0,1.0,0.0,8219,85.49495421202062,6.0,Parallel,Yes,170.98990842404123,28.498318070673538,0.41763459812900344,11.90188361479826,6.0
HEIDELBERG ROAD,8220.0,Fairfield,3078,Yarra (C),treatment,protected bike lane,0.0,1.0,0.0,8220,437.7637623876993,90.5,Parallel,Yes,875.5275247753985,145.9212541292331,0.41763459812900344,60.941764326742444,90.5
HEIDELBERG ROAD,8221.0,Fairfield,3078,Yarra (C),treatment,protected bike lane,0.0,1.0,0.0,8221,255.6546807299136,16.0,Parallel,Yes,511.3093614598272,85.2182269099712,0.41763459812900344,35.59007994881205,16.0
ELIZABETH STREET,9168.0,Richmond,3121,Yarra (C),treatment,protected bike lane,0.0,1.0,0.0,9168,825.986939797369,136.0,Parallel,Yes,1651.973879594738,275.3289799324563,0.41763459812900344,114.98690788735985,136.0
ALBERT STREET,9800.0,East Melbourne,3002,Melbourne (C),treatment,protected bike lane,0.0,1.0,0.0,9800,238.25153092243102,36.0,Parallel,Yes,476.50306184486203,79.41717697414367,0.41763459812900344,33.167360790136435,36.0
ALBERT STREET,9801.0,East Melbourne,3002,Melbourne (C),treatment,protected bike lane,0.0,1.0,0.0,9801,238.29579244434495,40.0,Parallel,Yes,476.5915848886899,79.43193081478165,0.41763459812900344,33.17352250444214,40.0
ALBERT STREET,9802.0,East Melbourne,3002,Melbourne (C),treatment,protected bike lane,0.0,1.0,0.0,9802,464.28914416377296,91.0,Parallel,Yes,928.5782883275459,154.763048054591,0.41763459812900344,64.63440337949876,91.0
ALBERT STREET,9803.0,East Melbourne,3002,Melbourne (C),treatment,protected bike lane,0.0,1.0,0.0,9803,231.66627120336437,43.5,Parallel,Yes,463.33254240672875,77.22209040112146,0.41763459812900344,32.25061669135393,43.5
ALBERT STREET,9804.0,East Melbourne,3002,Melbourne (C),treatment,protected bike lane,0.0,1.0,0.0,9804,437.9920318941872,86.0,Parallel,Yes,875.9840637883744,145.99734396472908,0.41763459812900344,60.973542074611515,86.0
SWANSTON STREET,10529.0,Carlton,3053,Melbourne (C),treatment,protected bike lane,0.0,1.0,0.0,10529,232.3970775288431,9.0,Parallel,Yes,464.7941550576862,77.46569250961437,0.41763459812900344,32.35235336003775,9.0
SWANSTON STREET,10530.0,Carlton,3053,Melbourne (C),treatment,protected bike lane,0.0,1.0,0.0,10530,463.2264760438519,42.0,Parallel,Yes,926.4529520877038,154.40882534795062,0.41763459812900344,64.48646772176284,42.0
SWANSTON STREET,10531.0,Carlton,3053,Melbourne (C),treatment,protected bike lane,0.0,1.0,0.0,10531,234.72289065629985,18.0,Parallel,Yes,469.4457813125997,78.24096355209996,0.41763459812900344,32.67613337030727,18.0
MOORABOOL STREET,10838.0,South Geelong,3220,Greater Geelong (C),treatment,protected bike lane,0.0,0.0,1.0,10838,621.7688757254664,71.0,Parallel,Yes,1243.5377514509328,207.2562919084888,0.41763459812900344,86.55739818090915,71.0
LINLITHGOW AVENUE,10916.0,Melbourne,3004,Melbourne (C),treatment,protected bike lane,0.0,1.0,0.0,10916,62.64167724435758,,,,125.28335448871516,20.880559081452528,0.41763459812900344,8.72044390069134,8.72044390069134
WILLIAM STREET,11077.0,Melbourne,3000,Melbourne (C),treatment,protected bike lane,1.0,0.0,0.0,11077,268.1693035867534,21.0,Parallel,Yes,536.3386071735068,89.38976786225113,0.41763459812900344,37.33225977799616,21.0
WILLIAM STREET,11078.0,Melbourne,3000,Melbourne (C),treatment,protected bike lane,1.0,0.0,0.0,11078,230.56997134797638,0.0,Parallel,Yes,461.13994269595275,76.85665711599212,0.41763459812900344,32.09799910817598,0.0
WILLIAM STREET,11079.0,Melbourne,3000,Melbourne (C),treatment,protected bike lane,1.0,0.0,0.0,11079,463.8030228076429,18.0,Parallel,Yes,927.6060456152858,154.60100760254764,0.41763459812900344,64.56672968042899,18.0
WILLIAM STREET,11080.0,Melbourne,3000,Melbourne (C),treatment,protected bike lane,1.0,0.0,0.0,11080,232.7873845469186,11.0,Parallel,Yes,465.5747690938372,77.59579484897286,0.41763459812900344,32.40668859825138,11.0
BALLARAT ST (STH),12016.0,Yarraville,3013,Maribyrnong (C),treatment,pedestrian,0.0,1.0,0.0,12016,49.907354254004325,3.5,Parallel,No,99.81470850800865,16.635784751334775,0.41763459812900344,6.947679279184302,3.5
Ballarat St,12017.0,Yarraville,3013,Maribyrnong (C),treatment,pedestrian,0.0,1.0,0.0,12017,44.26774404339795,3.5,Parallel,Yes,88.5354880867959,14.75591468113265,0.41763459812900344,6.162580497880696,3.5
ACLAND,12018.0,St Kilda,3182,Port Phillip (C),treatment,pedestrian,0.0,1.0,0.0,12018,167.04384036767772,15.0,Parallel,No,334.08768073535543,55.68128012255924,0.41763459812900344,23.254429047293495,15.0
MURNONG ST,12019.0,Point Cook,3030,Wyndham (C),treatment,pedestrian,0.0,1.0,0.0,12019,185.80661405193692,5.5,Parallel,Yes,371.61322810387384,61.935538017312304,0.41763459812900344,25.86642352976384,5.5
MALOP STREET,12021.0,Geelong,3220,Greater Geelong (C),treatment,protected bike lane,0.0,0.0,1.0,12021,230.48836997334703,22.5,Parallel,Yes,460.97673994669407,76.82945665778234,0.41763459812900344,32.08663925574262,22.5
DOVETON STREET N,1563.0,Ballarat Central,3350,Ballarat (C),control,control,0.0,0.0,1.0,1563,222.36862791819186,,,,444.7372558363837,74.12287597273063,0.41763459812900344,30.95627751903732,30.95627751903732
DOVETON STREET S,1586.0,Ballarat Central,3350,Ballarat (C),control,control,0.0,0.0,1.0,1586,232.1867510341237,,,,464.3735020682474,77.39558367804123,0.41763459812900344,32.32307348633841,32.32307348633841
ARMSTRONG ST,1587.0,Ballarat Central,3350,Ballarat (C),treatment,regional_reallocation,0.0,0.0,1.0,1587,376.27488930893395,,,,752.5497786178679,125.42496310297798,0.41763459812900344,52.38180406085729,52.38180406085729
EIGHTH STREET,2559.0,Mildura,3500,Mildura (RC),control,control,0.0,0.0,1.0,2559,260.6674952720143,,,,521.3349905440286,86.88916509067144,0.41763459812900344,36.287921544407205,36.287921544407205
LIEBIG STREET,3750.0,Warrnambool,3280,Warrnambool (C),treatment,regional_reallocation,0.0,0.0,1.0,3750,238.86479335161297,,,,477.72958670322595,79.621597783871,0.41763459812900344,33.252733992856115,33.252733992856115
LIEBIG STREET,3751.0,Warrnambool,3280,Warrnambool (C),treatment,regional_reallocation,0.0,0.0,1.0,3751,232.66883046293802,,,,465.33766092587604,77.55627682097933,0.41763459812900344,32.39018450251145,32.39018450251145
LIEBIG STREET,3752.0,Warrnambool,3280,Warrnambool (C),treatment,regional_reallocation,0.0,0.0,1.0,3752,231.03008154235175,,,,462.0601630847035,77.01002718078392,0.41763459812900344,32.16205175355032,32.16205175355032
LIEBIG STREET,3753.0,Warrnambool,3280,Warrnambool (C),treatment,regional_reallocation,0.0,0.0,1.0,3753,125.7738067045247,,,,251.5476134090494,41.924602234841565,0.41763459812900344,17.509164406066375,17.509164406066375
Williamson STREET,5753.0,Bendigo,3550,Greater Bendigo (C),control,control,0.0,0.0,1.0,5753,734.5039827729864,,,,1469.0079655459729,244.8346609243288,0.41763459812900344,102.25142522318288,102.25142522318288
HOTHAM ST,6708.0,Traralgon,3844,Latrobe (C) (Vic.),control,control,0.0,0.0,1.0,6708,601.0119715541136,,,,1202.0239431082273,200.33732385137122,0.41763459812900344,83.66779773690743,83.66779773690743
FRANKLIN,6709.0,Traralgon,3844,Latrobe (C) (Vic.),control,control,0.0,0.0,1.0,6709,338.1680853669931,,,,676.3361707339863,112.72269512233105,0.41763459812900344,47.0768974774329,47.0768974774329
LITTLE BRIDGE STREET,7072.0,Bakery Hill,3350,Ballarat (C),treatment,regional_reallocation,0.0,0.0,1.0,7072,94.48123874742387,,,,188.96247749484775,31.493746249141292,0.41763459812900344,13.152878058336933,13.152878058336933
STURT STREET,7115.0,Ballarat Central,3350,Ballarat (C),control,control,0.0,0.0,1.0,7115,219.59737767734333,,,,439.19475535468666,73.19912589244778,0.41763459812900344,30.57048752548676,30.57048752548676
STURT STREET,7336.0,Ballarat Central,3350,Ballarat (C),control,control,0.0,0.0,1.0,7336,221.13791813573,,,,442.27583627146,73.71263937857667,0.41763459812900344,30.78494852390002,30.78494852390002
Main Rd,7851.0,Bakery Hill,3350,Ballarat (C),treatment,regional_reallocation,0.0,0.0,1.0,7851,117.45046153346689,,,,234.90092306693379,39.15015384448896,0.41763459812900344,16.35045876753181,16.35045876753181
THE TERRACE,9011.0,Ocean Grove,3226,Greater Geelong (C),control,control,0.0,0.0,1.0,9011,232.95386790065018,,,,465.90773580130036,77.65128930021673,0.41763459812900344,32.429865001095,32.429865001095
FRYERS STREET,9649.0,Shepparton,3630,Greater Shepparton (C),control,control,0.0,0.0,1.0,9649,129.3652894202624,,,,258.7305788405248,43.12176314008747,0.41763459812900344,18.009140219624502,18.009140219624502
FRYERS STREET,9650.0,Shepparton,3630,Greater Shepparton (C),control,control,0.0,0.0,1.0,9650,364.188492188126,,,,728.376984376252,121.39616406270868,0.41763459812900344,50.69923819273191,50.69923819273191
FRYERS STREET,9651.0,Shepparton,3630,Greater Shepparton (C),control,control,0.0,0.0,1.0,9651,206.71764825266754,,,,413.4352965053351,68.90588275088918,0.41763459812900344,28.77748065139183,28.77748065139183
TIMOR STREET,10396.0,Warrnambool,3280,Warrnambool (C),control,control,0.0,0.0,1.0,10396,231.72132927229117,,,,463.44265854458234,77.24044309076372,0.41763459812900344,32.25828140951727,32.25828140951727
TIMOR STREET,10397.0,Warrnambool,3280,Warrnambool (C),control,control,0.0,0.0,1.0,10397,229.57878138329113,,,,459.15756276658226,76.52626046109704,0.41763459812900344,31.960014033985708,31.960014033985708
TIMOR STREET,10398.0,Warrnambool,3280,Warrnambool (C),control,control,0.0,0.0,1.0,10398,232.4930994836935,,,,464.986198967387,77.49769982789783,0.41763459812900344,32.365720723546254,32.365720723546254
